,Unnamed: 0,Name,Seed Size,Time,Exact,desv,best
0,,1000_104034_117_social_0.sol,9,,,,
0,,1000_112621_129_social_0.sol,9,,,,
0,,1000_121207_141_social_0.sol,8,,,,
0,,1000_129793_153_social_0.sol,7,,,,
0,,1000_138379_165_social_0.sol,7,,,,
0,,1000_146966_179_social_0.sol,7,,,,
0,,1000_155552_192_social_0.sol,6,,,,
0,,1000_164138_206_social_0.sol,6,,,,
0,,1000_172724_222_social_0.sol,6,,,,
0,,1000_181311_237_social_0.sol,6,,,,
0,,1000_18172_18_social_0.sol,32,,,,
0,,1000_189897_254_social_0.sol,5,,,,
0,,1000_198483_273_social_0.sol,5,,,,
0,,1000_207069_292_social_0.sol,5,,,,
0,,1000_215656_314_social_0.sol,4,,,,
0,,1000_224242_339_social_0.sol,4,,,,
0,,1000_232828_368_social_0.sol,4,,,,
0,,1000_241414_407_social_0.sol,3,,,,
0,,1000_250000_500_social_0.sol,2,,,,
0,,1000_26758_27_social_0.sol,24,,,,
0,,1000_35344_36_social_0.sol,19,,,,
0,,1000_43931_46_social_0.sol,17,,,,
0,,1000_52517_55_social_0.sol,15,,,,
0,,1000_61103_65_social_0.sol,14,,,,
0,,1000_69689_75_social_0.sol,12,,,,
0,,1000_78276_85_social_0.sol,11,,,,
0,,1000_86862_96_social_0.sol,10,,,,
0,,1000_95448_106_social_0.sol,10,,,,
0,,1000_9586_9_social_0.sol,53,,,,
0,,1000_999_1_social_0.sol,134,,,,
0,,100_1010_11_social_0.sol,6,,,,
0,,100_1093_12_social_0.sol,5,,,,
0,,100_1176_13_social_0.sol,6,,,,
0,,100_1259_14_social_0.sol,5,,,,
0,,100_1341_15_social_0.sol,4,,,,
0,,100_1424_17_social_0.sol,5,,,,
0,,100_1507_18_social_0.sol,5,,,,
0,,100_1590_19_social_0.sol,4,,,,
0,,100_1673_21_social_0.sol,4,,,,
0,,100_1755_22_social_0.sol,4,,,,
0,,100_182_1_social_0.sol,4,,,,
0,,100_1838_24_social_0.sol,3,,,,
0,,100_1921_25_social_0.sol,4,,,,
0,,100_2004_27_social_0.sol,3,,,,
0,,100_2087_29_social_0.sol,3,,,,
0,,100_2169_31_social_0.sol,3,,,,
0,,100_2252_34_social_0.sol,3,,,,
0,,100_2335_37_social_0.sol,2,,,,
0,,100_2418_40_social_0.sol,2,,,,
0,,100_2500_50_social_0.sol,2,,,,
0,,100_265_2_social_0.sol,5,,,,
0,,100_348_3_social_0.sol,6,,,,
0,,100_431_4_social_0.sol,8,,,,
0,,100_513_5_social_0.sol,8,,,,
0,,100_596_6_social_0.sol,9,,,,
0,,100_679_7_social_0.sol,9,,,,
0,,100_762_8_social_0.sol,8,,,,
0,,100_845_9_social_0.sol,7,,,,
0,,100_927_10_social_0.sol,6,,,,
0,,100_99_1_social_0.sol,15,,,,
0,,10_11_1_social_0.sol,2,,,,
0,,10_11_1_social_1.sol,2,,,,
0,,10_11_1_social_2.sol,1,,,,
0,,10_13_1_social_0.sol,1,,,,
0,,10_13_1_social_1.sol,2,,,,
0,,10_13_1_social_2.sol,1,,,,
0,,10_15_1_social_0.sol,1,,,,
0,,10_15_1_social_1.sol,1,,,,
0,,10_15_1_social_2.sol,2,,,,
0,,10_17_2_social_0.sol,2,,,,
0,,10_17_2_social_1.sol,1,,,,
0,,10_17_2_social_2.sol,1,,,,
0,,10_18_2_social_0.sol,1,,,,
0,,10_18_2_social_1.sol,2,,,,
0,,10_18_2_social_2.sol,2,,,,
0,,10_20_2_social_0.sol,2,,,,
0,,10_20_2_social_1.sol,1,,,,
0,,10_20_2_social_2.sol,2,,,,
0,,10_22_3_social_0.sol,2,,,,
0,,10_22_3_social_1.sol,2,,,,
0,,10_22_3_social_2.sol,2,,,,
0,,10_24_4_social_0.sol,2,,,,
0,,10_24_4_social_1.sol,1,,,,
0,,10_24_4_social_2.sol,2,,,,
0,,10_25_5_social_0.sol,2,,,,
0,,10_25_5_social_1.sol,1,,,,
0,,10_25_5_social_2.sol,1,,,,
0,,10_9_1_social_0.sol,1,,,,
0,,10_9_1_social_1.sol,2,,,,
0,,10_9_1_social_2.sol,1,,,,
0,,15_14_1_social_0.sol,3,,,,
0,,15_16_1_social_0.sol,2,,,,
0,,15_17_1_social_0.sol,2,,,,
0,,15_19_1_social_0.sol,2,,,,
0,,15_20_1_social_0.sol,1,,,,
0,,15_22_1_social_0.sol,1,,,,
0,,15_23_1_social_0.sol,1,,,,
0,,15_25_1_social_0.sol,1,,,,
0,,15_26_2_social_0.sol,1,,,,
0,,15_28_2_social_0.sol,1,,,,
0,,15_29_2_social_0.sol,2,,,,
0,,15_30_2_social_0.sol,2,,,,
0,,15_32_2_social_0.sol,2,,,,
0,,15_33_2_social_0.sol,2,,,,
0,,15_35_2_social_0.sol,2,,,,
0,,15_36_3_social_0.sol,2,,,,
0,,15_38_3_social_0.sol,2,,,,
0,,15_39_3_social_0.sol,2,,,,
0,,15_41_3_social_0.sol,2,,,,
0,,15_42_3_social_0.sol,2,,,,
0,,15_43_3_social_0.sol,2,,,,
0,,15_45_4_social_0.sol,2,,,,
0,,15_46_4_social_0.sol,2,,,,
0,,15_48_4_social_0.sol,2,,,,
0,,15_49_4_social_0.sol,2,,,,
0,,15_51_5_social_0.sol,2,,,,
0,,15_52_5_social_0.sol,2,,,,
0,,15_54_6_social_0.sol,1,,,,
0,,15_55_6_social_0.sol,2,,,,
0,,15_56_7_social_0.sol,1,,,,
0,,200_10000_100_social_0.sol,2,,,,
0,,200_1213_6_social_0.sol,14,,,,
0,,200_1551_8_social_0.sol,12,,,,
0,,200_1889_9_social_0.sol,12,,,,
0,,200_199_1_social_0.sol,28,,,,
0,,200_2227_11_social_0.sol,10,,,,
0,,200_2565_13_social_0.sol,9,,,,
0,,200_2903_15_social_0.sol,10,,,,
0,,200_3241_17_social_0.sol,8,,,,
0,,200_3579_19_social_0.sol,8,,,,
0,,200_3917_22_social_0.sol,7,,,,
0,,200_4255_24_social_0.sol,7,,,,
0,,200_4593_26_social_0.sol,6,,,,
0,,200_4931_28_social_0.sol,6,,,,
0,,200_5269_31_social_0.sol,6,,,,
0,,200_537_2_social_0.sol,11,,,,
0,,200_5607_33_social_0.sol,5,,,,
0,,200_5945_36_social_0.sol,5,,,,
0,,200_6283_39_social_0.sol,5,,,,
0,,200_6621_41_social_0.sol,4,,,,
0,,200_6959_44_social_0.sol,4,,,,
0,,200_7297_48_social_0.sol,4,,,,
0,,200_7635_51_social_0.sol,4,,,,
0,,200_7973_54_social_0.sol,4,,,,
0,,200_8311_58_social_0.sol,3,,,,
0,,200_8649_63_social_0.sol,3,,,,
0,,200_875_4_social_0.sol,13,,,,
0,,200_8987_68_social_0.sol,3,,,,
0,,200_9325_74_social_0.sol,3,,,,
0,,200_9663_81_social_0.sol,2,,,,
0,,20_100_10_social_0.sol,2,,,,
0,,20_19_1_social_0.sol,3,,,,
0,,20_22_1_social_0.sol,2,,,,
0,,20_25_1_social_0.sol,2,,,,
0,,20_28_1_social_0.sol,2,,,,
0,,20_31_1_social_0.sol,2,,,,
0,,20_33_1_social_0.sol,3,,,,
0,,20_36_2_social_0.sol,2,,,,
0,,20_39_2_social_0.sol,2,,,,
0,,20_42_2_social_0.sol,2,,,,
0,,20_45_2_social_0.sol,2,,,,
0,,20_47_2_social_0.sol,2,,,,
0,,20_50_2_social_0.sol,2,,,,
0,,20_53_3_social_0.sol,3,,,,
0,,20_56_3_social_0.sol,3,,,,
0,,20_59_3_social_0.sol,2,,,,
0,,20_61_3_social_0.sol,3,,,,
0,,20_64_4_social_0.sol,3,,,,
0,,20_67_4_social_0.sol,3,,,,
0,,20_70_4_social_0.sol,2,,,,
0,,20_73_4_social_0.sol,2,,,,
0,,20_75_5_social_0.sol,3,,,,
0,,20_78_5_social_0.sol,3,,,,
0,,20_81_5_social_0.sol,2,,,,
0,,20_84_6_social_0.sol,2,,,,
0,,20_87_6_social_0.sol,2,,,,
0,,20_89_6_social_0.sol,2,,,,
0,,20_92_7_social_0.sol,1,,,,
0,,20_95_7_social_0.sol,1,,,,
0,,20_98_8_social_0.sol,2,,,,
0,,25_102_5_social_0.sol,3,,,,
0,,25_106_5_social_0.sol,3,,,,
0,,25_111_5_social_0.sol,3,,,,
0,,25_116_6_social_0.sol,2,,,,
0,,25_120_6_social_0.sol,2,,,,
0,,25_125_6_social_0.sol,3,,,,
0,,25_129_7_social_0.sol,2,,,,
0,,25_134_7_social_0.sol,2,,,,
0,,25_138_8_social_0.sol,2,,,,
0,,25_143_8_social_0.sol,2,,,,
0,,25_147_9_social_0.sol,2,,,,
0,,25_152_10_social_0.sol,2,,,,
0,,25_156_12_social_0.sol,2,,,,
0,,25_24_1_social_0.sol,3,,,,
0,,25_29_1_social_0.sol,3,,,,
0,,25_34_1_social_0.sol,2,,,,
0,,25_38_1_social_0.sol,2,,,,
0,,25_43_1_social_0.sol,2,,,,
0,,25_47_2_social_0.sol,2,,,,
0,,25_52_2_social_0.sol,2,,,,
0,,25_56_2_social_0.sol,3,,,,
0,,25_61_2_social_0.sol,3,,,,
0,,25_65_2_social_0.sol,3,,,,
0,,25_70_3_social_0.sol,3,,,,
0,,25_75_3_social_0.sol,4,,,,
0,,25_79_3_social_0.sol,3,,,,
0,,25_84_4_social_0.sol,2,,,,
0,,25_88_4_social_0.sol,3,,,,
0,,25_93_4_social_0.sol,3,,,,
0,,25_97_4_social_0.sol,3,,,,
0,,300_10252_39_social_0.sol,7,,,,
0,,300_1065_3_social_0.sol,17,,,,
0,,300_11017_42_social_0.sol,6,,,,
0,,300_11783_46_social_0.sol,6,,,,
0,,300_12548_50_social_0.sol,6,,,,
0,,300_13314_54_social_0.sol,5,,,,
0,,300_14079_58_social_0.sol,5,,,,
0,,300_14845_62_social_0.sol,5,,,,
0,,300_15611_67_social_0.sol,4,,,,
0,,300_16376_71_social_0.sol,4,,,,
0,,300_17142_76_social_0.sol,4,,,,
0,,300_17907_82_social_0.sol,4,,,,
0,,300_1831_6_social_0.sol,23,,,,
0,,300_18673_88_social_0.sol,4,,,,
0,,300_19438_94_social_0.sol,3,,,,
0,,300_20204_102_social_0.sol,3,,,,
0,,300_20969_110_social_0.sol,3,,,,
0,,300_21735_122_social_0.sol,3,,,,
0,,300_22500_150_social_0.sol,2,,,,
0,,300_2596_8_social_0.sol,18,,,,
0,,300_299_1_social_0.sol,35,,,,
0,,300_3362_11_social_0.sol,15,,,,
0,,300_4127_14_social_0.sol,14,,,,
0,,300_4893_17_social_0.sol,12,,,,
0,,300_5658_20_social_0.sol,11,,,,
0,,300_6424_23_social_0.sol,10,,,,
0,,300_7189_26_social_0.sol,9,,,,
0,,300_7955_29_social_0.sol,9,,,,
0,,300_8721_32_social_0.sol,8,,,,
0,,300_9486_35_social_0.sol,7,,,,
0,,30_104_4_social_0.sol,4,,,,
0,,30_111_4_social_0.sol,4,,,,
0,,30_117_4_social_0.sol,3,,,,
0,,30_124_4_social_0.sol,3,,,,
0,,30_131_5_social_0.sol,4,,,,
0,,30_138_5_social_0.sol,3,,,,
0,,30_144_6_social_0.sol,3,,,,
0,,30_151_6_social_0.sol,4,,,,
0,,30_158_6_social_0.sol,3,,,,
0,,30_165_7_social_0.sol,2,,,,
0,,30_171_7_social_0.sol,3,,,,
0,,30_178_8_social_0.sol,3,,,,
0,,30_185_8_social_0.sol,2,,,,
0,,30_192_9_social_0.sol,2,,,,
0,,30_198_9_social_0.sol,3,,,,
0,,30_205_10_social_0.sol,2,,,,
0,,30_212_11_social_0.sol,2,,,,
0,,30_219_12_social_0.sol,2,,,,
0,,30_225_15_social_0.sol,2,,,,
0,,30_29_1_social_0.sol,6,,,,
0,,30_36_1_social_0.sol,4,,,,
0,,30_43_1_social_0.sol,3,,,,
0,,30_50_1_social_0.sol,2,,,,
0,,30_57_2_social_0.sol,2,,,,
0,,30_63_2_social_0.sol,2,,,,
0,,30_70_2_social_0.sol,2,,,,
0,,30_77_2_social_0.sol,3,,,,
0,,30_84_3_social_0.sol,4,,,,
0,,30_90_3_social_0.sol,4,,,,
0,,30_97_3_social_0.sol,3,,,,
0,,35_100_3_social_0.sol,3,,,,
0,,35_110_3_social_0.sol,3,,,,
0,,35_119_3_social_0.sol,3,,,,
0,,35_128_4_social_0.sol,4,,,,
0,,35_138_4_social_0.sol,4,,,,
0,,35_147_4_social_0.sol,3,,,,
0,,35_156_5_social_0.sol,4,,,,
0,,35_166_5_social_0.sol,3,,,,
0,,35_175_6_social_0.sol,3,,,,
0,,35_185_6_social_0.sol,3,,,,
0,,35_194_6_social_0.sol,3,,,,
0,,35_203_7_social_0.sol,3,,,,
0,,35_213_7_social_0.sol,3,,,,
0,,35_222_8_social_0.sol,4,,,,
0,,35_231_8_social_0.sol,3,,,,
0,,35_241_9_social_0.sol,3,,,,
0,,35_250_10_social_0.sol,2,,,,
0,,35_260_10_social_0.sol,2,,,,
0,,35_269_11_social_0.sol,2,,,,
0,,35_278_12_social_0.sol,2,,,,
0,,35_288_13_social_0.sol,2,,,,
0,,35_297_14_social_0.sol,2,,,,
0,,35_306_17_social_0.sol,2,,,,
0,,35_34_1_social_0.sol,8,,,,
0,,35_44_1_social_0.sol,3,,,,
0,,35_53_1_social_0.sol,3,,,,
0,,35_63_1_social_0.sol,2,,,,
0,,35_72_2_social_0.sol,3,,,,
0,,35_81_2_social_0.sol,3,,,,
0,,35_91_2_social_0.sol,3,,,,
0,,400_11324_30_social_0.sol,11,,,,
0,,400_12689_34_social_0.sol,10,,,,
0,,400_14055_38_social_0.sol,9,,,,
0,,400_15421_43_social_0.sol,8,,,,
0,,400_16786_47_social_0.sol,7,,,,
0,,400_1765_4_social_0.sol,23,,,,
0,,400_18152_52_social_0.sol,7,,,,
0,,400_19517_56_social_0.sol,7,,,,
0,,400_20883_61_social_0.sol,6,,,,
0,,400_22248_66_social_0.sol,6,,,,
0,,400_23614_71_social_0.sol,6,,,,
0,,400_24979_77_social_0.sol,6,,,,
0,,400_26345_83_social_0.sol,5,,,,
0,,400_27711_89_social_0.sol,5,,,,
0,,400_29076_95_social_0.sol,4,,,,
0,,400_30442_102_social_0.sol,4,,,,
0,,400_3131_7_social_0.sol,26,,,,
0,,400_31807_109_social_0.sol,4,,,,
0,,400_33173_117_social_0.sol,4,,,,
0,,400_34538_126_social_0.sol,3,,,,
0,,400_35904_136_social_0.sol,3,,,,
0,,400_37269_147_social_0.sol,3,,,,
0,,400_38635_163_social_0.sol,3,,,,
0,,400_399_1_social_0.sol,52,,,,
0,,400_40000_200_social_0.sol,2,,,,
0,,400_4496_11_social_0.sol,19,,,,
0,,400_5862_15_social_0.sol,17,,,,
0,,400_7227_18_social_0.sol,13,,,,
0,,400_8593_22_social_0.sol,14,,,,
0,,400_9958_26_social_0.sol,11,,,,
0,,40_102_2_social_0.sol,3,,,,
0,,40_114_3_social_0.sol,4,,,,
0,,40_127_3_social_0.sol,4,,,,
0,,40_139_3_social_0.sol,4,,,,
0,,40_152_4_social_0.sol,5,,,,
0,,40_164_4_social_0.sol,4,,,,
0,,40_176_5_social_0.sol,5,,,,
0,,40_189_5_social_0.sol,5,,,,
0,,40_201_5_social_0.sol,4,,,,
0,,40_214_6_social_0.sol,4,,,,
0,,40_226_6_social_0.sol,4,,,,
0,,40_239_7_social_0.sol,3,,,,
0,,40_251_7_social_0.sol,3,,,,
0,,40_264_8_social_0.sol,4,,,,
0,,40_276_8_social_0.sol,3,,,,
0,,40_288_9_social_0.sol,3,,,,
0,,40_301_10_social_0.sol,3,,,,
0,,40_313_10_social_0.sol,3,,,,
0,,40_326_11_social_0.sol,3,,,,
0,,40_338_12_social_0.sol,3,,,,
0,,40_351_13_social_0.sol,3,,,,
0,,40_363_13_social_0.sol,3,,,,
0,,40_376_15_social_0.sol,2,,,,
0,,40_388_16_social_0.sol,2,,,,
0,,40_39_1_social_0.sol,7,,,,
0,,40_400_20_social_0.sol,2,,,,
0,,40_52_1_social_0.sol,4,,,,
0,,40_64_1_social_0.sol,3,,,,
0,,40_77_2_social_0.sol,2,,,,
0,,40_89_2_social_0.sol,4,,,,
0,,45_108_2_social_0.sol,3,,,,
0,,45_124_2_social_0.sol,3,,,,
0,,45_140_3_social_0.sol,3,,,,
0,,45_156_3_social_0.sol,5,,,,
0,,45_172_4_social_0.sol,5,,,,
0,,45_188_4_social_0.sol,4,,,,
0,,45_204_5_social_0.sol,5,,,,
0,,45_220_5_social_0.sol,5,,,,
0,,45_236_6_social_0.sol,5,,,,
0,,45_252_6_social_0.sol,4,,,,
0,,45_268_7_social_0.sol,4,,,,
0,,45_283_7_social_0.sol,3,,,,
0,,45_299_8_social_0.sol,4,,,,
0,,45_315_8_social_0.sol,4,,,,
0,,45_331_9_social_0.sol,3,,,,
0,,45_347_9_social_0.sol,4,,,,
0,,45_363_10_social_0.sol,3,,,,
0,,45_379_11_social_0.sol,3,,,,
0,,45_395_11_social_0.sol,3,,,,
0,,45_411_12_social_0.sol,3,,,,
0,,45_427_13_social_0.sol,3,,,,
0,,45_443_14_social_0.sol,2,,,,
0,,45_44_1_social_0.sol,6,,,,
0,,45_459_15_social_0.sol,3,,,,
0,,45_475_16_social_0.sol,2,,,,
0,,45_491_18_social_0.sol,2,,,,
0,,45_506_22_social_0.sol,2,,,,
0,,45_60_1_social_0.sol,4,,,,
0,,45_76_1_social_0.sol,2,,,,
0,,45_92_2_social_0.sol,3,,,,
0,,500_11189_23_social_0.sol,13,,,,
0,,500_13327_28_social_0.sol,13,,,,
0,,500_15465_33_social_0.sol,12,,,,
0,,500_17603_38_social_0.sol,11,,,,
0,,500_19741_43_social_0.sol,10,,,,
0,,500_21879_48_social_0.sol,9,,,,
0,,500_24017_53_social_0.sol,8,,,,
0,,500_26155_59_social_0.sol,8,,,,
0,,500_2637_5_social_0.sol,36,,,,
0,,500_28293_65_social_0.sol,7,,,,
0,,500_30431_70_social_0.sol,7,,,,
0,,500_32569_76_social_0.sol,7,,,,
0,,500_34707_83_social_0.sol,6,,,,
0,,500_36845_89_social_0.sol,6,,,,
0,,500_38983_96_social_0.sol,5,,,,
0,,500_41121_103_social_0.sol,5,,,,
0,,500_43259_111_social_0.sol,5,,,,
0,,500_45397_119_social_0.sol,5,,,,
0,,500_47535_127_social_0.sol,4,,,,
0,,500_4775_9_social_0.sol,25,,,,
0,,500_49673_136_social_0.sol,4,,,,
0,,500_499_1_social_0.sol,72,,,,
0,,500_51811_146_social_0.sol,4,,,,
0,,500_53949_157_social_0.sol,4,,,,
0,,500_56087_169_social_0.sol,4,,,,
0,,500_58225_184_social_0.sol,3,,,,
0,,500_60363_203_social_0.sol,3,,,,
0,,500_62500_250_social_0.sol,2,,,,
0,,500_6913_14_social_0.sol,19,,,,
0,,500_9051_18_social_0.sol,17,,,,
0,,50_109_2_social_0.sol,3,,,,
0,,50_129_2_social_0.sol,3,,,,
0,,50_149_3_social_0.sol,5,,,,
0,,50_169_3_social_0.sol,6,,,,
0,,50_189_4_social_0.sol,6,,,,
0,,50_208_4_social_0.sol,5,,,,
0,,50_228_5_social_0.sol,5,,,,
0,,50_248_5_social_0.sol,5,,,,
0,,50_268_6_social_0.sol,5,,,,
0,,50_288_6_social_0.sol,5,,,,
0,,50_308_7_social_0.sol,5,,,,
0,,50_328_7_social_0.sol,4,,,,
0,,50_347_8_social_0.sol,4,,,,
0,,50_367_8_social_0.sol,4,,,,
0,,50_387_9_social_0.sol,3,,,,
0,,50_407_10_social_0.sol,3,,,,
0,,50_427_10_social_0.sol,4,,,,
0,,50_447_11_social_0.sol,3,,,,
0,,50_467_12_social_0.sol,3,,,,
0,,50_486_13_social_0.sol,3,,,,
0,,50_49_1_social_0.sol,7,,,,
0,,50_506_14_social_0.sol,3,,,,
0,,50_526_15_social_0.sol,3,,,,
0,,50_546_16_social_0.sol,2,,,,
0,,50_566_17_social_0.sol,2,,,,
0,,50_586_18_social_0.sol,2,,,,
0,,50_606_20_social_0.sol,2,,,,
0,,50_625_25_social_0.sol,2,,,,
0,,50_69_1_social_0.sol,5,,,,
0,,50_89_1_social_0.sol,2,,,,
0,,55_103_1_social_0.sol,3,,,,
0,,55_127_2_social_0.sol,5,,,,
0,,55_151_2_social_0.sol,5,,,,
0,,55_176_3_social_0.sol,5,,,,
0,,55_200_3_social_0.sol,6,,,,
0,,55_224_4_social_0.sol,5,,,,
0,,55_248_4_social_0.sol,6,,,,
0,,55_272_5_social_0.sol,6,,,,
0,,55_297_6_social_0.sol,5,,,,
0,,55_321_6_social_0.sol,4,,,,
0,,55_345_7_social_0.sol,5,,,,
0,,55_369_7_social_0.sol,5,,,,
0,,55_393_8_social_0.sol,4,,,,
0,,55_418_9_social_0.sol,4,,,,
0,,55_442_9_social_0.sol,4,,,,
0,,55_466_10_social_0.sol,3,,,,
0,,55_490_11_social_0.sol,4,,,,
0,,55_514_11_social_0.sol,3,,,,
0,,55_539_12_social_0.sol,4,,,,
0,,55_54_1_social_0.sol,7,,,,
0,,55_563_13_social_0.sol,3,,,,
0,,55_587_14_social_0.sol,3,,,,
0,,55_611_15_social_0.sol,3,,,,
0,,55_635_16_social_0.sol,3,,,,
0,,55_660_17_social_0.sol,2,,,,
0,,55_684_19_social_0.sol,2,,,,
0,,55_708_20_social_0.sol,2,,,,
0,,55_732_22_social_0.sol,2,,,,
0,,55_756_27_social_0.sol,1,,,,
0,,55_79_1_social_0.sol,2,,,,
0,,600_12931_22_social_0.sol,17,,,,
0,,600_16013_27_social_0.sol,14,,,,
0,,600_19096_33_social_0.sol,13,,,,
0,,600_22179_39_social_0.sol,12,,,,
0,,600_25262_45_social_0.sol,11,,,,
0,,600_28345_51_social_0.sol,10,,,,
0,,600_31427_57_social_0.sol,9,,,,
0,,600_34510_64_social_0.sol,8,,,,
0,,600_3682_6_social_0.sol,40,,,,
0,,600_37593_71_social_0.sol,8,,,,
0,,600_40676_77_social_0.sol,7,,,,
0,,600_43759_84_social_0.sol,7,,,,
0,,600_46841_92_social_0.sol,7,,,,
0,,600_49924_99_social_0.sol,7,,,,
0,,600_53007_107_social_0.sol,6,,,,
0,,600_56090_115_social_0.sol,6,,,,
0,,600_59173_124_social_0.sol,5,,,,
0,,600_599_1_social_0.sol,81,,,,
0,,600_62255_133_social_0.sol,5,,,,
0,,600_65338_142_social_0.sol,5,,,,
0,,600_6765_11_social_0.sol,29,,,,
0,,600_68421_153_social_0.sol,5,,,,
0,,600_71504_164_social_0.sol,5,,,,
0,,600_74587_175_social_0.sol,4,,,,
0,,600_77669_188_social_0.sol,4,,,,
0,,600_80752_203_social_0.sol,4,,,,
0,,600_83835_221_social_0.sol,3,,,,
0,,600_86918_244_social_0.sol,3,,,,
0,,600_90000_300_social_0.sol,2,,,,
0,,600_9848_16_social_0.sol,21,,,,
0,,60_117_2_social_0.sol,3,,,,
0,,60_146_2_social_0.sol,4,,,,
0,,60_175_3_social_0.sol,5,,,,
0,,60_204_3_social_0.sol,6,,,,
0,,60_233_4_social_0.sol,5,,,,
0,,60_262_4_social_0.sol,6,,,,
0,,60_291_5_social_0.sol,6,,,,
0,,60_320_5_social_0.sol,6,,,,
0,,60_349_6_social_0.sol,5,,,,
0,,60_378_7_social_0.sol,5,,,,
0,,60_407_7_social_0.sol,5,,,,
0,,60_436_8_social_0.sol,5,,,,
0,,60_465_9_social_0.sol,5,,,,
0,,60_494_9_social_0.sol,4,,,,
0,,60_523_10_social_0.sol,4,,,,
0,,60_552_11_social_0.sol,3,,,,
0,,60_581_12_social_0.sol,4,,,,
0,,60_59_1_social_0.sol,12,,,,
0,,60_610_12_social_0.sol,4,,,,
0,,60_639_13_social_0.sol,3,,,,
0,,60_668_14_social_0.sol,3,,,,
0,,60_697_15_social_0.sol,3,,,,
0,,60_726_16_social_0.sol,3,,,,
0,,60_755_17_social_0.sol,3,,,,
0,,60_784_19_social_0.sol,3,,,,
0,,60_813_20_social_0.sol,2,,,,
0,,60_842_22_social_0.sol,2,,,,
0,,60_871_24_social_0.sol,2,,,,
0,,60_88_1_social_0.sol,4,,,,
0,,60_900_30_social_0.sol,2,,,,
0,,65_1022_26_social_0.sol,2,,,,
0,,65_1056_32_social_0.sol,2,,,,
0,,65_133_2_social_0.sol,3,,,,
0,,65_167_2_social_0.sol,5,,,,
0,,65_201_3_social_0.sol,5,,,,
0,,65_236_3_social_0.sol,6,,,,
0,,65_270_4_social_0.sol,7,,,,
0,,65_304_5_social_0.sol,6,,,,
0,,65_338_5_social_0.sol,6,,,,
0,,65_372_6_social_0.sol,6,,,,
0,,65_407_7_social_0.sol,5,,,,
0,,65_441_7_social_0.sol,5,,,,
0,,65_475_8_social_0.sol,5,,,,
0,,65_509_9_social_0.sol,4,,,,
0,,65_543_9_social_0.sol,6,,,,
0,,65_578_10_social_0.sol,5,,,,
0,,65_612_11_social_0.sol,4,,,,
0,,65_646_12_social_0.sol,4,,,,
0,,65_64_1_social_0.sol,9,,,,
0,,65_680_13_social_0.sol,4,,,,
0,,65_714_14_social_0.sol,3,,,,
0,,65_749_14_social_0.sol,3,,,,
0,,65_783_15_social_0.sol,2,,,,
0,,65_817_17_social_0.sol,3,,,,
0,,65_851_18_social_0.sol,3,,,,
0,,65_885_19_social_0.sol,3,,,,
0,,65_920_20_social_0.sol,2,,,,
0,,65_954_22_social_0.sol,2,,,,
0,,65_988_24_social_0.sol,2,,,,
0,,65_99_1_social_0.sol,4,,,,
0,,700_101500_205_social_0.sol,4,,,,
0,,700_105700_220_social_0.sol,4,,,,
0,,700_109900_237_social_0.sol,4,,,,
0,,700_114100_258_social_0.sol,3,,,,
0,,700_118300_285_social_0.sol,3,,,,
0,,700_122500_350_social_0.sol,2,,,,
0,,700_13300_19_social_0.sol,22,,,,
0,,700_17500_25_social_0.sol,18,,,,
0,,700_21700_32_social_0.sol,15,,,,
0,,700_25900_39_social_0.sol,13,,,,
0,,700_30100_46_social_0.sol,13,,,,
0,,700_34300_53_social_0.sol,12,,,,
0,,700_38500_60_social_0.sol,10,,,,
0,,700_42700_67_social_0.sol,9,,,,
0,,700_46900_75_social_0.sol,9,,,,
0,,700_4900_7_social_0.sol,45,,,,
0,,700_51100_82_social_0.sol,8,,,,
0,,700_55300_90_social_0.sol,8,,,,
0,,700_59500_99_social_0.sol,7,,,,
0,,700_63700_107_social_0.sol,7,,,,
0,,700_67900_116_social_0.sol,7,,,,
0,,700_699_1_social_0.sol,99,,,,
0,,700_72100_125_social_0.sol,6,,,,
0,,700_76300_135_social_0.sol,6,,,,
0,,700_80500_145_social_0.sol,6,,,,
0,,700_84700_155_social_0.sol,6,,,,
0,,700_88900_166_social_0.sol,5,,,,
0,,700_9100_13_social_0.sol,29,,,,
0,,700_93100_178_social_0.sol,5,,,,
0,,700_97300_191_social_0.sol,5,,,,
0,,70_1026_20_social_0.sol,3,,,,
0,,70_1066_22_social_0.sol,3,,,,
0,,70_109_1_social_0.sol,2,,,,
0,,70_1106_24_social_0.sol,2,,,,
0,,70_1146_26_social_0.sol,3,,,,
0,,70_1186_28_social_0.sol,2,,,,
0,,70_1225_35_social_0.sol,2,,,,
0,,70_149_2_social_0.sol,3,,,,
0,,70_189_2_social_0.sol,5,,,,
0,,70_229_3_social_0.sol,6,,,,
0,,70_269_4_social_0.sol,6,,,,
0,,70_309_4_social_0.sol,7,,,,
0,,70_349_5_social_0.sol,6,,,,
0,,70_388_6_social_0.sol,6,,,,
0,,70_428_6_social_0.sol,5,,,,
0,,70_468_7_social_0.sol,6,,,,
0,,70_508_8_social_0.sol,6,,,,
0,,70_548_8_social_0.sol,5,,,,
0,,70_588_9_social_0.sol,5,,,,
0,,70_628_10_social_0.sol,5,,,,
0,,70_667_11_social_0.sol,5,,,,
0,,70_69_1_social_0.sol,9,,,,
0,,70_707_12_social_0.sol,4,,,,
0,,70_747_13_social_0.sol,4,,,,
0,,70_787_14_social_0.sol,4,,,,
0,,70_827_15_social_0.sol,4,,,,
0,,70_867_16_social_0.sol,3,,,,
0,,70_907_17_social_0.sol,4,,,,
0,,70_946_18_social_0.sol,3,,,,
0,,70_986_19_social_0.sol,3,,,,
0,,75_1039_18_social_0.sol,4,,,,
0,,75_1085_19_social_0.sol,3,,,,
0,,75_1131_20_social_0.sol,3,,,,
0,,75_1177_22_social_0.sol,3,,,,
0,,75_120_1_social_0.sol,5,,,,
0,,75_1223_23_social_0.sol,3,,,,
0,,75_1269_25_social_0.sol,3,,,,
0,,75_1315_27_social_0.sol,3,,,,
0,,75_1361_30_social_0.sol,2,,,,
0,,75_1406_37_social_0.sol,2,,,,
0,,75_166_2_social_0.sol,5,,,,
0,,75_212_2_social_0.sol,5,,,,
0,,75_258_3_social_0.sol,6,,,,
0,,75_304_4_social_0.sol,7,,,,
0,,75_350_5_social_0.sol,8,,,,
0,,75_396_5_social_0.sol,7,,,,
0,,75_442_6_social_0.sol,7,,,,
0,,75_488_7_social_0.sol,6,,,,
0,,75_534_7_social_0.sol,6,,,,
0,,75_580_8_social_0.sol,5,,,,
0,,75_626_9_social_0.sol,6,,,,
0,,75_672_10_social_0.sol,5,,,,
0,,75_718_11_social_0.sol,5,,,,
0,,75_74_1_social_0.sol,10,,,,
0,,75_763_12_social_0.sol,5,,,,
0,,75_809_13_social_0.sol,4,,,,
0,,75_855_14_social_0.sol,3,,,,
0,,75_901_15_social_0.sol,4,,,,
0,,75_947_16_social_0.sol,4,,,,
0,,75_993_17_social_0.sol,3,,,,
0,,800_105104_165_social_0.sol,6,,,,
0,,800_110593_177_social_0.sol,5,,,,
0,,800_116083_190_social_0.sol,5,,,,
0,,800_11779_15_social_0.sol,31,,,,
0,,800_121573_203_social_0.sol,5,,,,
0,,800_127062_218_social_0.sol,5,,,,
0,,800_132552_234_social_0.sol,4,,,,
0,,800_138042_251_social_0.sol,4,,,,
0,,800_143531_271_social_0.sol,4,,,,
0,,800_149021_295_social_0.sol,3,,,,
0,,800_154511_325_social_0.sol,3,,,,
0,,800_160000_400_social_0.sol,2,,,,
0,,800_17269_22_social_0.sol,23,,,,
0,,800_22758_29_social_0.sol,19,,,,
0,,800_28248_37_social_0.sol,16,,,,
0,,800_33738_44_social_0.sol,14,,,,
0,,800_39227_52_social_0.sol,13,,,,
0,,800_44717_60_social_0.sol,12,,,,
0,,800_50207_68_social_0.sol,11,,,,
0,,800_55696_77_social_0.sol,10,,,,
0,,800_61186_85_social_0.sol,9,,,,
0,,800_6289_7_social_0.sol,47,,,,
0,,800_66676_94_social_0.sol,8,,,,
0,,800_72165_103_social_0.sol,8,,,,
0,,800_77655_113_social_0.sol,7,,,,
0,,800_799_1_social_0.sol,116,,,,
0,,800_83145_122_social_0.sol,7,,,,
0,,800_88635_132_social_0.sol,7,,,,
0,,800_94124_143_social_0.sol,6,,,,
0,,800_99614_154_social_0.sol,6,,,,
0,,80_1024_16_social_0.sol,4,,,,
0,,80_1076_17_social_0.sol,4,,,,
0,,80_1128_18_social_0.sol,4,,,,
0,,80_1181_19_social_0.sol,4,,,,
0,,80_1233_20_social_0.sol,3,,,,
0,,80_1286_22_social_0.sol,3,,,,
0,,80_132_1_social_0.sol,4,,,,
0,,80_1338_23_social_0.sol,3,,,,
0,,80_1391_25_social_0.sol,3,,,,
0,,80_1443_27_social_0.sol,3,,,,
0,,80_1496_29_social_0.sol,2,,,,
0,,80_1548_32_social_0.sol,2,,,,
0,,80_1600_40_social_0.sol,2,,,,
0,,80_184_2_social_0.sol,3,,,,
0,,80_237_3_social_0.sol,7,,,,
0,,80_289_3_social_0.sol,5,,,,
0,,80_342_4_social_0.sol,7,,,,
0,,80_394_5_social_0.sol,8,,,,
0,,80_447_6_social_0.sol,7,,,,
0,,80_499_6_social_0.sol,7,,,,
0,,80_552_7_social_0.sol,7,,,,
0,,80_604_8_social_0.sol,6,,,,
0,,80_656_9_social_0.sol,5,,,,
0,,80_709_10_social_0.sol,6,,,,
0,,80_761_11_social_0.sol,5,,,,
0,,80_79_1_social_0.sol,12,,,,
0,,80_814_11_social_0.sol,5,,,,
0,,80_866_12_social_0.sol,5,,,,
0,,80_919_13_social_0.sol,5,,,,
0,,80_971_14_social_0.sol,4,,,,
0,,85_1035_14_social_0.sol,5,,,,
0,,85_1094_15_social_0.sol,4,,,,
0,,85_1153_16_social_0.sol,4,,,,
0,,85_1213_18_social_0.sol,4,,,,
0,,85_1272_19_social_0.sol,4,,,,
0,,85_1331_20_social_0.sol,3,,,,
0,,85_1391_22_social_0.sol,4,,,,
0,,85_144_1_social_0.sol,5,,,,
0,,85_1450_23_social_0.sol,3,,,,
0,,85_1510_25_social_0.sol,3,,,,
0,,85_1569_27_social_0.sol,3,,,,
0,,85_1628_29_social_0.sol,3,,,,
0,,85_1688_31_social_0.sol,3,,,,
0,,85_1747_34_social_0.sol,2,,,,
0,,85_1806_42_social_0.sol,2,,,,
0,,85_203_2_social_0.sol,5,,,,
0,,85_263_3_social_0.sol,7,,,,
0,,85_322_3_social_0.sol,8,,,,
0,,85_381_4_social_0.sol,8,,,,
0,,85_441_5_social_0.sol,8,,,,
0,,85_500_6_social_0.sol,7,,,,
0,,85_560_7_social_0.sol,8,,,,
0,,85_619_8_social_0.sol,7,,,,
0,,85_678_8_social_0.sol,5,,,,
0,,85_738_9_social_0.sol,6,,,,
0,,85_797_10_social_0.sol,6,,,,
0,,85_84_1_social_0.sol,11,,,,
0,,85_856_11_social_0.sol,5,,,,
0,,85_916_12_social_0.sol,5,,,,
0,,85_975_13_social_0.sol,5,,,,
0,,900_105176_138_social_0.sol,7,,,,
0,,900_112128_149_social_0.sol,7,,,,
0,,900_119079_161_social_0.sol,6,,,,
0,,900_126031_173_social_0.sol,6,,,,
0,,900_132983_186_social_0.sol,6,,,,
0,,900_139935_199_social_0.sol,6,,,,
0,,900_146886_214_social_0.sol,5,,,,
0,,900_14803_16_social_0.sol,29,,,,
0,,900_153838_229_social_0.sol,5,,,,
0,,900_160790_245_social_0.sol,5,,,,
0,,900_167742_263_social_0.sol,4,,,,
0,,900_174693_283_social_0.sol,4,,,,
0,,900_181645_305_social_0.sol,4,,,,
0,,900_188597_332_social_0.sol,4,,,,
0,,900_195549_366_social_0.sol,3,,,,
0,,900_202500_450_social_0.sol,2,,,,
0,,900_21755_24_social_0.sol,21,,,,
0,,900_28707_33_social_0.sol,20,,,,
0,,900_35658_41_social_0.sol,16,,,,
0,,900_42610_50_social_0.sol,14,,,,
0,,900_49562_58_social_0.sol,13,,,,
0,,900_56514_67_social_0.sol,12,,,,
0,,900_63465_77_social_0.sol,11,,,,
0,,900_70417_86_social_0.sol,10,,,,
0,,900_77369_96_social_0.sol,9,,,,
0,,900_7851_8_social_0.sol,46,,,,
0,,900_84321_106_social_0.sol,9,,,,
0,,900_899_1_social_0.sol,126,,,,
0,,900_91272_116_social_0.sol,8,,,,
0,,900_98224_127_social_0.sol,8,,,,
0,,90_1024_13_social_0.sol,5,,,,
0,,90_1091_14_social_0.sol,5,,,,
0,,90_1158_15_social_0.sol,4,,,,
0,,90_1224_16_social_0.sol,4,,,,
0,,90_1291_17_social_0.sol,3,,,,
0,,90_1358_19_social_0.sol,4,,,,
0,,90_1425_20_social_0.sol,3,,,,
0,,90_1491_21_social_0.sol,3,,,,
0,,90_1558_23_social_0.sol,3,,,,
0,,90_156_1_social_0.sol,4,,,,
0,,90_1625_25_social_0.sol,3,,,,
0,,90_1692_26_social_0.sol,3,,,,
0,,90_1758_28_social_0.sol,3,,,,
0,,90_1825_30_social_0.sol,3,,,,
0,,90_1892_33_social_0.sol,2,,,,
0,,90_1959_36_social_0.sol,2,,,,
0,,90_2025_45_social_0.sol,2,,,,
0,,90_223_2_social_0.sol,6,,,,
0,,90_290_3_social_0.sol,6,,,,
0,,90_357_4_social_0.sol,7,,,,
0,,90_423_4_social_0.sol,9,,,,
0,,90_490_5_social_0.sol,8,,,,
0,,90_557_6_social_0.sol,7,,,,
0,,90_624_7_social_0.sol,8,,,,
0,,90_690_8_social_0.sol,6,,,,
0,,90_757_9_social_0.sol,6,,,,
0,,90_824_10_social_0.sol,6,,,,
0,,90_891_11_social_0.sol,5,,,,
0,,90_89_1_social_0.sol,13,,,,
0,,90_957_12_social_0.sol,5,,,,
0,,95_1064_12_social_0.sol,5,,,,
0,,95_1138_14_social_0.sol,5,,,,
0,,95_1213_15_social_0.sol,5,,,,
0,,95_1287_16_social_0.sol,4,,,,
0,,95_1362_17_social_0.sol,5,,,,
0,,95_1436_18_social_0.sol,4,,,,
0,,95_1511_20_social_0.sol,4,,,,
0,,95_1586_21_social_0.sol,4,,,,
0,,95_1660_23_social_0.sol,4,,,,
0,,95_169_1_social_0.sol,3,,,,
0,,95_1735_24_social_0.sol,3,,,,
0,,95_1809_26_social_0.sol,3,,,,
0,,95_1884_28_social_0.sol,3,,,,
0,,95_1958_30_social_0.sol,3,,,,
0,,95_2033_32_social_0.sol,3,,,,
0,,95_2107_35_social_0.sol,2,,,,
0,,95_2182_38_social_0.sol,3,,,,
0,,95_2256_47_social_0.sol,2,,,,
0,,95_244_2_social_0.sol,5,,,,
0,,95_318_3_social_0.sol,7,,,,
0,,95_393_4_social_0.sol,7,,,,
0,,95_467_5_social_0.sol,10,,,,
0,,95_542_6_social_0.sol,9,,,,
0,,95_616_7_social_0.sol,9,,,,
0,,95_691_7_social_0.sol,7,,,,
0,,95_765_8_social_0.sol,7,,,,
0,,95_840_9_social_0.sol,6,,,,
0,,95_915_10_social_0.sol,6,,,,
0,,95_94_1_social_0.sol,16,,,,
0,,95_989_11_social_0.sol,6,,,,
